ward_old,street_name,odd_even,numbers,ward_new,notes,
Broomhill,Ainsley Road,,,Crookes & Crosspool,added,
Broomhill,Alpine Road,,,Walkley,,
Broomhill,Antrim Avenue,,,Broomhill & Sharrow Vale,,
Broomhill,Ashberry Road,odds,,Walkley,delete,
Broomhill,Ashdell Road,,,Broomhill & Sharrow Vale,,
Broomhill,Ashgate Close,,,Broomhill & Sharrow Vale,,
Broomhill,Ashgate Road,,,Broomhill & Sharrow Vale,,
Broomhill,Ashgrove,,,Broomhill & Sharrow Vale,,
Broomhill,Barber Crescent,,,Broomhill & Sharrow Vale,,
Broomhill,Barber Place,,,Broomhill & Sharrow Vale,,
Broomhill,Barber Road,,,Broomhill & Sharrow Vale,delete,
Broomhill,Beaufort Road,,,Broomhill & Sharrow Vale,,
Broomhill,Beech Hill Road,,,Broomhill & Sharrow Vale,,
Broomhill,Beehive Road,,,Broomhill & Sharrow Vale,,
Broomhill,Betjeman Gardens,,,Broomhill & Sharrow Vale,,
Broomhill,Birkendale,,,Walkley,,
Broomhill,Birkendale Road,,,Walkley,delete,
Broomhill,Birkendale View,,,Walkley,delete,
Broomhill,Botanical Road,,,Broomhill & Sharrow Vale,,
Broomhill,Bower Road,,,Broomhill & Sharrow Vale,,
Broomhill,Bristol Road,,,Broomhill & Sharrow Vale,,
Broomhill,Brocco Bank,,,Broomhill & Sharrow Vale,,
Broomhill,Broomfield Road,,,Broomhill & Sharrow Vale,,
Broomhill,Broomgrove Crescent,,,Broomhill & Sharrow Vale,,
Broomhill,Broomgrove Lane,,,Broomhill & Sharrow Vale,,
Broomhill,Broomgrove Road,,,Broomhill & Sharrow Vale,,
Broomhill,Broomhall Place,,,Broomhill & Sharrow Vale,,
Broomhill,Broomhall Road,,,Broomhill & Sharrow Vale,,
Broomhill,Bruce Road,,,Broomhill & Sharrow Vale,,
Broomhill,Burns Road,,"1-41,2-46",Walkley,,
Broomhill,Burns Road,,"43-85,48-74",Broomhill & Sharrow Vale,,
Broomhill,Caxton Road,,,Broomhill & Sharrow Vale,,
Broomhill,Cemetery Avenue,,,Broomhill & Sharrow Vale,,
Broomhill,Chandos Street,,,Broomhill & Sharrow Vale,,
Broomhill,Chesterwood Drive,,,Broomhill & Sharrow Vale,,
Broomhill,Claremont Crescent,,,Broomhill & Sharrow Vale,,
Broomhill,Clarke Dell,,,Broomhill & Sharrow Vale,,
Broomhill,Clarke Drive,,,Broomhill & Sharrow Vale,,
Broomhill,Clarke Square,,,Broomhill & Sharrow Vale,,
Broomhill,Clarkegrove Road,,,Broomhill & Sharrow Vale,,
Broomhill,Clarkehouse Road,,,Broomhill & Sharrow Vale,,
Broomhill,Clarkson Street,,,Broomhill & Sharrow Vale,,
Broomhill,College Street,,,Broomhill & Sharrow Vale,,
Broomhill,Collegiate Crescent,,,Broomhill & Sharrow Vale,,
Broomhill,Commonside,odds,1-17,Walkley,,
Broomhill,Conduit Road,,,Crookes & Crosspool,delete,
Broomhill,Conduit Road,,,Crookes & Crosspool,added,
Broomhill,Crookes Road,,,Broomhill & Sharrow Vale,,
Broomhill,Crookes Valley Road,,,Broomhill & Sharrow Vale,,
Broomhill,Crookesmoor Drive,,,Walkley,delete,
Broomhill,Crookesmoor Road,evens,344-500,Crookes & Crosspool,added (Spring Hill - Roslin Road).,
Broomhill,Crookesmoor Road,,,Broomhill & Sharrow Vale,,
Broomhill,Crookesmoor Road,,,Broomhill,,
Broomhill,Daniel Hill Court,,,Walkley,delete,
Broomhill,Daniel Hill Street,,,Walkley,delete,
Broomhill,Denham Road,,,Broomhill & Sharrow Vale,,
Broomhill,Dover Road,,,Broomhill & Sharrow Vale,,
Broomhill,East Grove Road,,,Broomhill & Sharrow Vale,,
Broomhill,Eastwood Road,,,Broomhill & Sharrow Vale,,
Broomhill,Ecclesall Road,odds,1-551,Broomhill & Sharrow Vale,,
Broomhill,Ecclesall Road,evens,,Broomhill & Sharrow Vale,,
Broomhill,Elliott Road,,,Broomhill & Sharrow Vale,,
Broomhill,Elmore Road,,,Broomhill & Sharrow Vale,,
Broomhill,Embankment Road,,,Crookes & Crosspool,delete,
Broomhill,Embankment Road,,,Crookes & Crosspool,added,
Broomhill,Endcliffe Avenue,,,Fulwood,delete,
Broomhill,Endcliffe Crescent,,,Fulwood,delete,
Broomhill,Endcliffe Glen Road,,,Broomhill & Sharrow Vale,,
Broomhill,Endcliffe Rise Road,,,Broomhill & Sharrow Vale,,
Broomhill,Endcliffe Terrace Road,,,Broomhill & Sharrow Vale,,
Broomhill,Endcliffe Vale Avenue,,,Broomhill & Sharrow Vale,,
Broomhill,Endcliffe Vale Road,odds,1-33,Broomhill & Sharrow Vale,,
Broomhill,Endcliffe Vale Road,odds,,Fulwood,delete,"Including The Glade, Laurel Court and Linden Court"
Broomhill,Everton Road,,,Broomhill & Sharrow Vale,,
Broomhill,Fulton Road,,,Walkley,delete,
Broomhill,Fulwood Road,,,Broomhill & Sharrow Vale,,
Broomhill,Glebe Road,,,Crookes & Crosspool,delete,
Broomhill,Glebe Road,,,Crookes & Crosspool,added,
Broomhill,Glossop Road,,"423-501,412-498",Broomhill & Sharrow Vale,,
Broomhill,Glossop Road,,,Broomhill & Sharrow Vale,,
Broomhill,Hallamgate Road,,,Broomhill & Sharrow Vale,,
Broomhill,Harcourt Crescent,,,Broomhill & Sharrow Vale,,
Broomhill,Harcourt Road,,,Broomhill & Sharrow Vale,,
Broomhill,Harefield Road,,,Broomhill & Sharrow Vale,,
Broomhill,Harland Road,,,Broomhill & Sharrow Vale,,
Broomhill,Hickmott Road,,,Broomhill & Sharrow Vale,,
Broomhill,Highnam Crescent Road,,,Broomhill & Sharrow Vale,,
Broomhill,Hoole Lane,,,Broomhill & Sharrow Vale,,
Broomhill,Hoole Road,,,Broomhill & Sharrow Vale,,
Broomhill,Howard Road,,,Broomhill & Sharrow Vale,,
Broomhill,Ivy Drive,,,Broomhill & Sharrow Vale,,
Broomhill,Ivy Grove,,,Broomhill & Sharrow Vale,,
Broomhill,Kaye Place,,,Broomhill & Sharrow Vale,,
Broomhill,Khartoum Road,,,Broomhill & Sharrow Vale,,
Broomhill,Lawson Road,,,Broomhill & Sharrow Vale,,
Broomhill,Lydgate Lane,,,Broomhill & Sharrow Vale,,
Broomhill,Mackenzie Crescent,,,Broomhill & Sharrow Vale,,
Broomhill,Manchester Road,,,Broomhill & Sharrow Vale,,
Broomhill,Marlborough Road,,,Broomhill & Sharrow Vale,,
Broomhill,Melbourne Avenue,,,Broomhill & Sharrow Vale,,
Broomhill,Moor Oaks Road,,,Broomhill & Sharrow Vale,,
Broomhill,Moorgate Avenue,,,Broomhill & Sharrow Vale,,
Broomhill,Neill Road,,"1-59,2-60",Broomhill & Sharrow Vale,,
Broomhill,Neill Road,,"69-159,106-140",Broomhill & Sharrow Vale,,
Broomhill,Newbould Lane,,,Broomhill & Sharrow Vale,,
Broomhill,Newington Road,,,Broomhill & Sharrow Vale,,
Broomhill,Nile Street,,,Broomhill & Sharrow Vale,,
Broomhill,Northumberland Road,,,Broomhill & Sharrow Vale,,
Broomhill,Oak Park,,,Broomhill & Sharrow Vale,,
Broomhill,Oakholme Mews,,,Broomhill & Sharrow Vale,,
Broomhill,Oakholme Road,,,Broomhill & Sharrow Vale,,
Broomhill,Other Electors,,,Broomhill & Sharrow Vale,,
Broomhill,Oxford Street,,,Broomhill & Sharrow Vale,,
Broomhill,Park Crescent,,,Broomhill & Sharrow Vale,,
Broomhill,Park Lane,,,Broomhill & Sharrow Vale,,
Broomhill,Parkers Lane,,,Broomhill & Sharrow Vale,,
Broomhill,Parkers Road,,,Broomhill & Sharrow Vale,,
Broomhill,Pear Street,,,Broomhill & Sharrow Vale,,
Broomhill,Pisgah House Road,,,Broomhill & Sharrow Vale,,
Broomhill,Pomona Street,,,Broomhill & Sharrow Vale,,
Broomhill,Redcar Road,,,Crookes & Crosspool,delete,
Broomhill,Redcar Road,,,Crookes & Crosspool,added,
Broomhill,Reservoir Road,,,Crookes & Crosspool,delete,
Broomhill,Reservoir Road,,,Crookes & Crosspool,added,
Broomhill,Roebuck Road,odds,,Broomhill & Sharrow Vale,,
Broomhill,Roebuck Road,evens,,Walkley,,
Broomhill,Rosedale Gardens,,,Broomhill & Sharrow Vale,,
Broomhill,Rosedale Road,,,Broomhill & Sharrow Vale,,
Broomhill,Roslin Road,,,Broomhill & Sharrow Vale,,
Broomhill,Rossington Road,,,Broomhill & Sharrow Vale,,
Broomhill,Rutland Park,,,Broomhill & Sharrow Vale,,
Broomhill,Ryegate Road,,,Crookes & Crosspool,delete,
Broomhill,Rygate Road,evens,,Crookes & Crosspool,added,
Broomhill,Sale Hill,,,Broomhill & Sharrow Vale,,
Broomhill,Sawdon Road,,,Broomhill & Sharrow Vale,,
Broomhill,School Road,,,Crookes & Crosspool,delete,
Broomhill,Severn Court,,,Broomhill & Sharrow Vale,,
Broomhill,Severn Road,,,Broomhill & Sharrow Vale,,
Broomhill,Shearwood Road,,,Broomhill & Sharrow Vale,,
Broomhill,Shore Lane,,,Broomhill & Sharrow Vale,,
Broomhill,Snuff Mill Lane,,,Broomhill & Sharrow Vale,,
Broomhill,Southbourne Road,,,Broomhill & Sharrow Vale,,
Broomhill,Southgrove Road,,,Broomhill & Sharrow Vale,,
Broomhill,Spooner Road,,,Broomhill & Sharrow Vale,,
Broomhill,Spring Hill,,,Crookes & Crosspool,delete,
Broomhill,Spring Hill Road,evens,,Broomhill & Sharrow Vale,,
Broomhill,Springvale Road,,,Walkley,delete,
Broomhill,St Marks Crescent,,,Broomhill & Sharrow Vale,,
Broomhill,Stalker Lees Road,,,Broomhill & Sharrow Vale,,
Broomhill,Summerfield,,,Broomhill & Sharrow Vale,,
Broomhill,Sydney Road,,,Walkley,delete,
Broomhill,Tapton Crescent Road,odds,,Broomhill & Sharrow Vale,,
Broomhill,Tapton Crescent Road,odds,,Broomhill,,
Broomhill,Tapton Crescent Road,evens,,Crookes & Crosspool,delete,
Broomhill,Tapton Crescent Road,evens,,Crookes & Crosspool,added(one side) ,
Broomhill,Tapton Hill Road,,,Crookes & Crosspool,delete,
Broomhill,Tapton House Road,,,Broomhill & Sharrow Vale,,
Broomhill,Tapton Mews,,,Broomhill & Sharrow Vale,,
Broomhill,Tapton Mount Close,,,Broomhill & Sharrow Vale,,
Broomhill,Taptonville Crescent,,,Broomhill & Sharrow Vale,,
Broomhill,Taptonville Head,,,Broomhill & Sharrow Vale,,
Broomhill,Taptonville Road,,,Broomhill & Sharrow Vale,,
Broomhill,The Glen,,,Fulwood,delete,
Broomhill,The Nook,,,Broomhill & Sharrow Vale,,
Broomhill,Thompson Road,,,Broomhill & Sharrow Vale,,
Broomhill,Turners Lane,,,Broomhill & Sharrow Vale,,
Broomhill,Upperthorpe,,,Walkley,delete,
Broomhill,Victoria Road,,,Broomhill & Sharrow Vale,,
Broomhill,Wadbrough Road,,,Broomhill & Sharrow Vale,,
Broomhill,Walton Road,,,Broomhill & Sharrow Vale,,
Broomhill,Warrington Road,,,Broomhill & Sharrow Vale,,
Broomhill,Watson Mews,,,Broomhill & Sharrow Vale,,
Broomhill,Watson Road,,,Broomhill & Sharrow Vale,,
Broomhill,Wellesley Road,,,Broomhill & Sharrow Vale,,
Broomhill,Wellfield Close,,,Walkley,delete,
Broomhill,Wellfield Road,,,Walkley,delete,
Broomhill,Westbourne Road,,,Broomhill & Sharrow Vale,,
Broomhill,Western Bank,,,Broomhill & Sharrow Vale,,
Broomhill,Wharncliffe Road,evens,,Broomhill & Sharrow Vale,,
Broomhill,Whitham Road,,,Broomhill & Sharrow Vale,,
Broomhill,Wigfull Road,,,Broomhill & Sharrow Vale,,
Broomhill,Wilson Road,,,Broomhill & Sharrow Vale,,
Broomhill,Wilton Place,,,Broomhill & Sharrow Vale,,
Broomhill,Wiseton Road,,,Broomhill & Sharrow Vale,,
Central,Abbeydale Road,,,Nether Edge & Sharrow,not City NE & S to Bannerdale Rd,
Central,Adelaide Lane,,,City,,
Central,Agden Road,,,Nether Edge & Sharrow,,
Central,Ainsty Road,,,Nether Edge & Sharrow,,
Central,Albany Road,,,Nether Edge & Sharrow,,
Central,Alderson Place,,,Nether Edge & Sharrow,,
Central,Alderson Road,,137-999,City,0 - 135 odds and evens NE & S,
Central,Alderson Road North,,,City,,
Central,Alma Street,,,City,,
Central,Arley Street,,,City,small are at south end in NE&S but no accomm?,
Central,Arundel Gate,,,City,,
Central,Arundel Lane,,,City,,
Central,Arundel Street,,,City,,
Central,Backfields,,,City,,
Central,Bailey Lane,,,City,,
Central,Bailey Street,,,City,,
Central,Bank Street,,,City,,
Central,Baron Street,,,City,,
Central,Batt Street,,,Nether Edge & Sharrow,,
Central,Beeley Street,,,Nether Edge & Sharrow,,
Central,Belgrave Square,,,Nether Edge & Sharrow,,
Central,Bells Square,,,City,,
Central,Bennett Street,,,Nether Edge & Sharrow,,
Central,Blonk Street,,,City,,
Central,Boston Street,,,City,East of London Rd only (?no accomm on other side),
Central,Bramall Lane,odds,,City,evens NE & S,
Central,Brittain Street,,,City,,
Central,Broad Lane,,,City,,
Central,Broom Green,,,Broomhill,,
Central,Broom Street,,,Broomhill,,
Central,Broom Walk,,,Broomhill,cant work out where this is?,
Central,Broomhall Place,,,Broomhill,,
Central,Broomhall Street,,,Broomhill,,
Central,Broomspring Close,,,Broomhill,,
Central,Broomspring Lane,,,Broomhill,,
Central,Brown Lane,,,City,,
Central,Brunswick Street,,,Broomhill,,
Central,Burgess Street,,,City,,
Central,Cambridge Street,,,City,,
Central,Campo Lane,,,City,,
Central,Carver Street,,,City,,
Central,Castle Green,,,City,,
Central,Castle Street,,,City,,
Central,Castlegate,,,City,,
Central,Cavendish Court,,,Broomhill,,
Central,Cavendish Street,,,City,,
Central,Cecil Square,,,Nether Edge & Sharrow,,
Central,Cemetery Road,,,Nether Edge & Sharrow,,
Central,Charles Street,,,City,,
Central,Charlotte Road,,,City,,
Central,Charter Row,,,City,,
Central,Cherry Street,,,City,,
Central,Cherry Street South,,,City,,
Central,Chippinghouse Road,,,Nether Edge & Sharrow,,
Central,Church Street,,,City,,
Central,Clarke Square,,,Nether Edge & Sharrow,,
Central,Clarke Street,,,Broomhill,,
Central,Cliff Street,,,Nether Edge & Sharrow,,
Central,Clinton Place,,,Broomhill,,
Central,Clinton Walk,,,Broomhill,,
Central,Clough Bank,,,City,,
Central,Clough Road,,,City,,
Central,Club Garden Road,,,Nether Edge & Sharrow,,
Central,Club Garden Walk,,,Nether Edge & Sharrow,,
Central,Club Street,,,Nether Edge & Sharrow,,
Central,Colver Road,,,Nether Edge & Sharrow,,
Central,Convent Walk,,,City,,
Central,Conway Street,evens,,City,odds Broomhill,north to City
Central,Countess Road,,,City,,
Central,Cracknell,,,City,,
Central,Cream Street,,,City,,
Central,Crescent Road,,,Nether Edge & Sharrow,,
Central,Cromford Street,,,City,,
Central,Cross Burgess Street,,,City,,
Central,Cross Smithfield,,,City,,
Central,Crowther Place,,,Nether Edge & Sharrow,,
Central,Croydon Street,,,Nether Edge & Sharrow,,
Central,Denby Street,evens,,City,odds NE & S,
Central,Devonshire Street,,,City,,
Central,Division Street,,,City,,
Central,Dixon Lane,,,City,,
Central,Dorset Street,,,Broomhill,,
Central,Duchess Road,,,City,,
Central,Dun Fields,,,City,,
Central,Dun Street,,,City,,
Central,Ecclesall Road,,,Broomhill,split Broomhill and NE &S,
Central,Edmund Court,,,City,,
Central,Edmund Road,,,City,,
Central,Edward Street,,,Walkley,,
Central,Egerton Close,,,Broomhill,,
Central,Egerton Lane,,,City,,
Central,Egerton Street,,,Broomhill,no clues from google maps. split Broomhill and NE &S,
Central,Egerton Walk,,,Broomhill,,
Central,Eldon Street,,,City,,
Central,Exchange Street,,,City,,
Central,Exeter Drive,,,Broomhill,,
Central,Exeter Place,,,Broomhill,,
Central,Exeter Way,,,Broomhill,,
Central,Eyre Lane,,,City,,
Central,Farm Road,,,City,,
Central,Farrar Road,,,Nether Edge & Sharrow,,
Central,Fentonville Street,,,Nether Edge & Sharrow,,
Central,Fieldhead Road,,,Nether Edge & Sharrow,,
Central,Filey Lane,,,Broomhill,,
Central,Filey Street,,,Broomhill,,
Central,Fitzalan Square,,,City,,
Central,Fitzwilliam Street,,,City,,
Central,Fornham Street,,,City,,
Central,Foster,,,City,,
Central,Furnace Hill,,,City,,
Central,Furnival Street,,,City,,
Central,Gamston Road,,,Nether Edge & Sharrow,,
Central,Garden Street,,,City,,
Central,Gell Street,,,City,,
Central,George Street,,,City,,rest to City
Central,Gibraltar Street,,,City,,
Central,Gifford Road,,,Nether Edge & Sharrow,,
Central,Glossop Road,,"0-261,0-332",City,,
Central,Gloucester Crescent,,,Broomhill,,
Central,Gloucester Street,,,Broomhill,,
Central,Glover Road,,,Nether Edge & Sharrow,,
Central,Grange Crescent,,,Nether Edge & Sharrow,,
Central,Grange Crescent Road,,,Nether Edge & Sharrow,,
Central,Grange Road,,,Nether Edge & Sharrow,,
Central,Green Lane,,,City,,
Central,Grosvenor Square,,,Nether Edge & Sharrow,,
Central,Hanover Court,,,Broomhill,,
Central,Hanover Square,,,Broomhill,,
Central,Harrow Street,,,Nether Edge & Sharrow,,
Central,Hartshead,,,City,,
Central,Hartshead Square,,,City,,
Central,Harwell Road,,,Nether Edge & Sharrow,,
Central,Harwood Close,,,Nether Edge & Sharrow,,
Central,Harwood Street,,,Nether Edge & Sharrow,,
Central,Havelock Street,,,Broomhill,,
Central,Hawley Street,,,City,,
Central,Headford Gardens,,,Broomhill,,
Central,Headford Grove,,,Broomhill,,
Central,Headford Mews,,,City,,
Central,Headford Street,evens,,City,not Dimino Hse/odds Broomhill,
Central,Hermitage St,,,City,,
Central,Herschell Road,,,Nether Edge & Sharrow,,
Central,High Street,,,City,,
Central,Highfield Place,,,Nether Edge & Sharrow,,
Central,Hill Street,,40-44,City,Rest in NE & S,
Central,Hill Street,,,Nether Edge & Sharrow,,
Central,Hobart Street,,,Nether Edge & Sharrow,,
Central,Hodgson Street,,,City,,
Central,Holberry Close,,,Broomhill,,
Central,Holberry Gardens,,,Broomhill,,
Central,Holland Place,,,Nether Edge & Sharrow,,
Central,Holland Road,,,Nether Edge & Sharrow,,
Central,Holly Street,,,City,,
Central,Holy Green,,,City,,
Central,Howard Street,,,City,,
Central,Huntingdon Crescent,,,Nether Edge & Sharrow,,
Central,John Street,,99-181,City,odds from 99 and SUFC city rest = NE & S,
Central,John Street,,,Nether Edge & Sharrow,odds from 99 and SUFC city rest = NE & S,
Central,Kearsley Road,,,Nether Edge & Sharrow,,
Central,Kelham Island,,,City,,
Central,Kelham Square,,,City,,
Central,Kenwood Park Road,,,Nether Edge & Sharrow,,
Central,Kenwood Road,,,Nether Edge & Sharrow,,
Central,Kenyon Street,,,Walkley,,
Central,King Street,,,City,,
Central,Ladys Bridge,,,City,,
Central,Lambert Street,,,City,,
Central,Lancaster Street,,,City,,
Central,Lancing Road,,,City,,
Central,Langdon Street,,,Nether Edge & Sharrow,,
Central,Leadmill Road,,,City,,
Central,Leadmill Street,,,City,,
Central,Leopold Street,,,City,,
Central,Leverton Drive,,,Nether Edge & Sharrow,,
Central,Leverton Gardens,,,Nether Edge & Sharrow,,
Central,Little Kelham Street,,,City,,
Central,London Road,,,Nether Edge & Sharrow,,
Central,Mackenzie Street,,,Nether Edge & Sharrow,,
Central,Mappin Street,,,City,,
Central,Margaret Street,,,City,,
Central,Mary Street,,,City,,
Central,Matilda Street,,,City,,
Central,Midland Street,,,City,,
Central,Millsands,,,City,,
Central,Milton Street,,,City,,
Central,Monmouth Street,,,Broomhill,,
Central,Mortimer Street,,,City,,
Central,Mount Pleasant Road,,,Nether Edge & Sharrow,,
Central,Mount Street,,,Nether Edge & Sharrow,,
Central,Mowbray Street,,,City,,
Central,Myrtle Road,,0-17,City,,
Central,Napier Street,,,Nether Edge & Sharrow,,
Central,Neepsend Lane,,,City,From Rutland Rd SE only,
Central,Newcastle Street,,,City,,
Central,Norfolk Street,,,City,,
Central,North Bank,,,City,,
Central,North Church Street,,,City,,
Central,North Quay Drive,,,City,,
Central,Nursery Street,,,City,,
Central,Orchard Lane,,,City,,
Central,Orchard Street,,,City,,
Central,Other Electors,,,,,
Central,Parkfield Place,,,Nether Edge & Sharrow,,
Central,Paternoster Row,,,City,,
Central,Pearl Street,,,Nether Edge & Sharrow,,
Central,Peel Terrace,,,Broomhill,,
Central,Penley Street,,,Nether Edge & Sharrow,,
Central,Penton Street,,,City,,
Central,Pinsent,,,City,,
Central,Pinstone Street,,,City,,
Central,Pitt Street,,,City,,
Central,Pond Hill,,,City,,
Central,Portland Lane,,,City,,
Central,Portobello Street,,,City,,
Central,Preston Street,,,Nether Edge & Sharrow,,
Central,Priestley Street,,,City,,
Central,Priory Avenue,,,Nether Edge & Sharrow,,
Central,Priory Place,,,Nether Edge & Sharrow,,
Central,Priory Road,,,Nether Edge & Sharrow,,
Central,Priory Terrace,,,Nether Edge & Sharrow,,
Central,Queen Street,,,City,,
Central,Queens Road,,,City,North of Bramall Lane only,
Central,Queens Row,,,City,,
Central,Rampton Road,,,Nether Edge & Sharrow,,
Central,Randall Place,,,Nether Edge & Sharrow,,
Central,Redgrave,,,City,,
Central,Regent Street,,,City,,
Central,Regent Terrace,,,City,,
Central,Rockingham Lane,,,City,,
Central,Rockingham Street,,,City,,
Central,Rowland Road,,,Nether Edge & Sharrow,,
Central,Rowland Street,,,City,,
Central,Rowsley Street,,,City,,
Central,Russell Street,,,City,,
Central,Ruth Square,,,Broomhill,,
Central,Salmon Street,,,Nether Edge & Sharrow,,
Central,Scotland Street,evens,,City,split Walkley and City,
Central,Shalesmoor,,,City,,
Central,Sharrow Lane,,,Nether Edge & Sharrow,,
Central,Sharrow Street,,,Nether Edge & Sharrow,,
Central,Sharrow View,,,Nether Edge & Sharrow,,
Central,Sheldon St,,,City,,
Central,Shoreham Street,,,City,,
Central,Silver Street Head,,,City,,
Central,Sitwell Road,,,Nether Edge & Sharrow,,
Central,Solly Street,,,City,"City = 158 Solly St, Vincent hse, Provincial hse, Velocity village and 1-9 Solly St,( 90-220 Walkley)",
Central,South View Crescent,,,Nether Edge & Sharrow,,
Central,South View Road,,,Nether Edge & Sharrow,,
Central,St Barnabas Road,,,Nether Edge & Sharrow,,
Central,St James Row,,,City,,
Central,St Marys Gate,evens,,City,"Velocity tower, ",
Central,St Marys Road,,,City,,
Central,St Pauls Parade,,,City,,
Central,St Pauls Square,,,City,,
Central,St Peters Close,,,City,,
Central,St Wilfrids Road,,,City,,
Central,Staveley Road,,,Nether Edge & Sharrow,,
Central,Steade Road,,,Nether Edge & Sharrow,,
Central,Stemp Street,,,Nether Edge & Sharrow,,
Central,Store Street,,,City,,
Central,Summerfield Street,,,Nether Edge & Sharrow,,
Central,Sunny Bank,,,Broomhill,,
Central,Surrey Street,,,City,,
Central,Sylvester Street,,,City,,
Central,Thornsett Road,,,Nether Edge & Sharrow,,
Central,Thorp Close,,,Nether Edge & Sharrow,,
Central,Townhead Street,,,City,,
Central,Trafalgar Street,,,City,,
Central,Travis Place,,,Broomhill,,
Central,Trippet Lane,,,City,,
Central,Union Street,,,City,,
Central,Upper Allen Street,,,Walkley,,
Central,Upper Hanover Street,odds,,City,evens Broomhill,
Central,Upper Hanover Street,evens,,Broomhill,evens Broomhill,
Central,Ventnor Place,,,Nether Edge & Sharrow,,
Central,Vicar Lane,,,City,,
Central,Victoria Street,,,City,,
Central,Vincent Road,,,Nether Edge & Sharrow,,
Central,Waingate,,,City,,
Central,Washington Road,,,Nether Edge & Sharrow,,
Central,Wellington Street,,,City,,
Central,West Bar,,,City,,
Central,West Hill Lane,,,City,,
Central,West Street,,,City,,
Central,Westfield Terrace,,,City,,
Central,Wharf Street,,,City,,
Central,Wharncliffe Road,,,Broomhill,,
Central,White Croft,,,City,,
Central,Wicker,,,City,,
Central,Wilkinson Street,,,Broomhill,,
Central,William Street,,,Broomhill,,
Central,Witney Street,,,Nether Edge & Sharrow,,
Central,Wolseley Road,,,Nether Edge & Sharrow,,
Central,Woodhead Road,,,Nether Edge & Sharrow,,
Central,Wostenholm Road,,,Nether Edge & Sharrow,,
Crookes,Aldred Road,,,Crookes & Crosspool,,
Crookes,Arran Road,,,Crookes & Crosspool,,
Crookes,Barholm Road,,,Crookes & Crosspool,,
Crookes,Barncliffe Mews,,,Fulwood,Delete,
Crookes,Barnfield Avenue,,,Crookes & Crosspool,,
Crookes,Barnfield Close,,,Crookes & Crosspool,,
Crookes,Barnfield Drive,,,Crookes & Crosspool,,
Crookes,Barnfield Road,,,Crookes & Crosspool,,
Crookes,Bates Street,,,Crookes & Crosspool,,
Crookes,Bell Hagg,,,Crookes & Crosspool,,
Crookes,Benty Lane,,,Crookes & Crosspool,,
Crookes,Blakeney Road,,,Crookes & Crosspool,,
Crookes,Bole Hill Lane,,,Crookes & Crosspool,,
Crookes,Bosville Road,,,Crookes & Crosspool,,
Crookes,Bosworth Street,,,Crookes & Crosspool,,
Crookes,Bradley Street,,,Crookes & Crosspool,,
Crookes,Brick Drive,,,Crookes & Crosspool,,
Crookes,Brick Street,,,Crookes & Crosspool,,
Crookes,Brighton Terrace Road,,,Crookes & Crosspool,,
Crookes,Burnt Stones Close,,,Crookes & Crosspool,,
Crookes,Burnt Stones Drive,,,Crookes & Crosspool,,
Crookes,Burnt Stones Grove,,,Crookes & Crosspool,,
Crookes,Bute Street,,,Crookes & Crosspool,,
Crookes,Cairns Road,,,Crookes & Crosspool,,
Crookes,Campsall Drive,,,Crookes & Crosspool,,
Crookes,Cardoness Drive,,,Crookes & Crosspool,,
Crookes,Cardoness Road,,,Crookes & Crosspool,,
Crookes,Carsick Grove,,,Fulwood,,
Crookes,Carsick Hill Road,,,Crookes & Crosspool,,
Crookes,Carsick View Road,,,Fulwood,delete,
Crookes,Carson Road,,,Crookes & Crosspool,,
Crookes,Chichester Road,,,Crookes & Crosspool,,
Crookes,Churchill Road,,,Crookes & Crosspool,,
Crookes,Clementson Road,,,Crookes & Crosspool,,
Crookes,Clough Fields,,,Crookes & Crosspool,,
Crookes,Cobden Place,,,Crookes & Crosspool,,
Crookes,Cobden Terrace,,,Crookes & Crosspool,,
Crookes,Cobden View Road,,,Crookes & Crosspool,,
Crookes,Colchester Road,,,Crookes & Crosspool,,
Crookes,Coldwell Lane,,,Crookes & Crosspool,,
Crookes,Commonside,,"31-85,6-146",Crookes & Crosspool,,
Crookes,Commonside,,,Walkley,,
Crookes,Coombe Place,,,Crookes & Crosspool,,
Crookes,Coombe Road,,,Crookes & Crosspool,,
Crookes,Coppice View,,,Crookes & Crosspool,,
Crookes,Crookes,,,Crookes & Crosspool,,
Crookes,Cross Lane,,,Crookes & Crosspool,,
Crookes,Darwin Lane,,,Crookes & Crosspool,,
Crookes,Delph House Road,,,Crookes & Crosspool,,
Crookes,Den Bank Avenue,,,Crookes & Crosspool,,
Crookes,Den Bank Close,,,Crookes & Crosspool,,
Crookes,Den Bank Crescent,,,Crookes & Crosspool,,
Crookes,Den Bank Drive,,,Crookes & Crosspool,,
Crookes,Dransfield Close,,,Crookes & Crosspool,,
Crookes,Dransfield Road,,,Crookes & Crosspool,,
Crookes,Duncan Road,,,Crookes & Crosspool,,
Crookes,Elgin Street,,,Crookes & Crosspool,,
Crookes,Evelyn Road,,,Crookes & Crosspool,,
Crookes,Eyam Road,,,Crookes & Crosspool,,
Crookes,Fitzgerald Road,,,Crookes & Crosspool,,
Crookes,Flodden Street,,,Crookes & Crosspool,,
Crookes,Forres Avenue,,,Crookes & Crosspool,,
Crookes,Forres Road,,,Crookes & Crosspool,,
Crookes,Hagg Lane,,,Crookes & Crosspool,,
Crookes,Hallam Chase,,,Crookes & Crosspool,,
Crookes,Hallamshire View,,,Crookes & Crosspool,,
Crookes,Hallgate Road,,,Crookes & Crosspool,,
Crookes,Hands Road,,,Crookes & Crosspool,,
Crookes,Headland Drive,,,Crookes & Crosspool,,
Crookes,Headland Road,,,Crookes & Crosspool,,
Crookes,Hillcote Close,,,Fulwood,Delete,
Crookes,Hillcote Drive,,,Fulwood,Delete,
Crookes,Hillcote Mews,,,Fulwood,Delete,
Crookes,Hillcote Rise,,,Fulwood,Delete,
Crookes,Ivy Park Road,,,Crookes & Crosspool,Part in ward - won't know until new register,
Crookes,Leamington Street,,,Crookes & Crosspool,,
Crookes,Longfield Road,,,Crookes & Crosspool,,
Crookes,Loxley View Road,,,Crookes & Crosspool,,
Crookes,Lydgate Court,,,Crookes & Crosspool,,
Crookes,Lydgate Hall Crescent,,,Crookes & Crosspool,,
Crookes,Lydgate Lane,,,Crookes & Crosspool,,
Crookes,Manchester Road,,"393-801,304-656",Crookes & Crosspool,,
Crookes,Manchester Road,,,Broomhill,,
Crookes,Marsh Lane,,,Crookes & Crosspool,,
Crookes,Marston Road,,,Crookes & Crosspool,,
Crookes,Meadow House Drive,,,Fulwood,delete,
Crookes,Melbourn Road,,,Crookes & Crosspool,,
Crookes,Melfort Glen,,,Crookes & Crosspool,,
Crookes,Midfield Road,,,Crookes & Crosspool,,
Crookes,Mona Avenue,,,Crookes & Crosspool,,
Crookes,Mona Road,evens,,Crookes & Crosspool,,
Crookes,Moor End Road,,,Crookes & Crosspool,,
Crookes,Moorbank Close,,,Crookes & Crosspool,,
Crookes,Moorbank Court,,,Crookes & Crosspool,,
Crookes,Moorbank Drive,,,Crookes & Crosspool,,
Crookes,Moorbank Road,,,Crookes & Crosspool,,
Crookes,Mulehouse Road,,,Crookes & Crosspool,,
Crookes,Nairn Street,,,Crookes & Crosspool,,
Crookes,Netherfield Road,,,Crookes & Crosspool,,
Crookes,Newbury Road,,,Crookes & Crosspool,,
Crookes,Newent Lane,,,Crookes & Crosspool,,
Crookes,Northfield Avenue,,,Crookes & Crosspool,,
Crookes,Northfield Court,,,Walkley,,
Crookes,Northfield Road,,"9-169,120-210",Crookes & Crosspool,,
Crookes,Northfield Road,,,Walkley,,
Crookes,Other Electors,,,Crookes & Crosspool,,
Crookes,Pickmere Road,,,Crookes & Crosspool,,
Crookes,Pitchford Lane,,,Fulwood,delete,
Crookes,Ramsey Road,,,Crookes & Crosspool,,
Crookes,Redmires Road,,,Fulwood,delete,
Crookes,Redmires Road,,,Fulwood,delete,
Crookes,Ringstead Avenue,,,Crookes & Crosspool,,
Crookes,Ringstead Crescent,,,Crookes & Crosspool,,
Crookes,Romsdal Road,,,Crookes & Crosspool,,
Crookes,Rosa Road,,,Crookes & Crosspool,,
Crookes,Ryegate Crescent,,,Crookes & Crosspool,,
Crookes,Ryegate Road,odds,,Crookes & Crosspool,,
Crookes,Ryegate Road,,,Crookes & Crosspool,Evens were in Broomhill,
Crookes,Sackville Road,,,Crookes & Crosspool,,
Crookes,Salisbury Road,,,Crookes & Crosspool,,
Crookes,Sandhurst Place,,,Crookes & Crosspool,,
Crookes,Sandygate Grange Drive,,,Crookes & Crosspool,,
Crookes,Sandygate Grove,,,Crookes & Crosspool,,
Crookes,Sandygate Lane,,,Crookes & Crosspool,,
Crookes,Sandygate Park,,,Crookes & Crosspool,,
Crookes,Sandygate Park Crescent,,,Crookes & Crosspool,,
Crookes,Sandygate Park Road,,,Crookes & Crosspool,,
Crookes,Sandygate Road,,,Crookes & Crosspool,,
Crookes,School Road,,,Crookes & Crosspool,91-243 was Broomhill,
Crookes,Selborne Road,,,Crookes & Crosspool,,
Crookes,Slinn Street,,,Crookes & Crosspool,,
Crookes,Spring Hill,,,Crookes & Crosspool,Was 8 &5-43 in Broomhill,
Crookes,Spring Hill Road,odds,,Crookes & Crosspool,,
Crookes,Spring House Road,,,Crookes & Crosspool,,
Crookes,Spring View Road,,,Crookes & Crosspool,,
Crookes,Springvale Road,,"205-475,240-430",Crookes & Crosspool,,
Crookes,Springvale Road,,,Walkley,,
Crookes,St Anthony Road,,,Crookes & Crosspool,,
Crookes,St Francis Close,,,Crookes & Crosspool,,
Crookes,St Thomas Road,,,Crookes & Crosspool,,
Crookes,Stannington View Road,,,Crookes & Crosspool,,
Crookes,Steel Bank Villas,,,Crookes & Crosspool,,
Crookes,Stephen Drive,,,Crookes & Crosspool,,
Crookes,Stephen Hill,,,Crookes & Crosspool,,
Crookes,Stephen Hill Road,,,Crookes & Crosspool,,
Crookes,Stonewood Court,,,Crookes & Crosspool,,
Crookes,Stonewood Grove,,,Crookes & Crosspool,,
Crookes,Stothard Road,,,Crookes & Crosspool,,
Crookes,Tapton Bank,,,Crookes & Crosspool,,
Crookes,Tapton Hill Road,,,Crookes & Crosspool,40-46 was Broomhill,
Crookes,Tasker Road,,,Crookes & Crosspool,,
Crookes,Tetney Road,odds,,Crookes & Crosspool,,
Crookes,Tinker Lane,,,Crookes & Crosspool,,
Crookes,Toft Wood Avenue,,,Crookes & Crosspool,,
Crookes,Toftwood Road,,,Crookes & Crosspool,,
Crookes,Tom Lane,,,Fulwood,delete,
Crookes,Townend Street,,,Crookes & Crosspool,,
Crookes,Toyne Street,,,Crookes & Crosspool,,
Crookes,Truswell Avenue,,,Crookes & Crosspool,,
Crookes,Truswell Road,,,Crookes & Crosspool,,
Crookes,Vernon Delph,,,Crookes & Crosspool,,
Crookes,Vernon Terrace,,,Crookes & Crosspool,,
Crookes,Warwick Street,,,Crookes & Crosspool,,
Crookes,Warwick Terrace,,,Crookes & Crosspool,,
Crookes,Watt Lane,,,Crookes & Crosspool,,
Crookes,Wesley Lane,,,Crookes & Crosspool,,
Crookes,Western Road,,,Crookes & Crosspool,,
Crookes,Weston View,,,Crookes & Crosspool,,
Crookes,Westover Road,,,Crookes & Crosspool,,
Crookes,Whitworth Road,,,Crookes & Crosspool,,
Nether Edge,Abbeydale Road,,,,,
Nether Edge,Adelaide Road,,,,,
Nether Edge,Alcester Road,,,,,
Nether Edge,Alexandra Gardens,,,,,
Nether Edge,Archer Lane,,,,,
Nether Edge,Archer Road,,,,,
Nether Edge,Archibald Road,,,,,
Nether Edge,Arnside Road,,,,,
Nether Edge,Arnside Terrace,,,,,
Nether Edge,Ashford Road,,,Broomhill & Sharrow Vale,,
Nether Edge,Ashford Road,,,,,
Nether Edge,Ashland Road,,,,,
Nether Edge,Avenue Road,,,,,
Nether Edge,Bagshot Street,,,,,
Nether Edge,Banner Cross Drive,,,,,
Nether Edge,Bannerdale Close,,,,,
Nether Edge,Bannerdale Road,,,,,
Nether Edge,Bannerdale View,,,,,
Nether Edge,Barkers Road,,,,,
Nether Edge,Barmouth Road,,,,,
Nether Edge,Belper Road,,,,,
Nether Edge,Berresford Road,,,Broomhill & Sharrow Vale,,
Nether Edge,Berresford Road,,,,,
Nether Edge,Bluecoat Rise,,,,,
Nether Edge,Bowood Road,,,Broomhill & Sharrow Vale,,
Nether Edge,Bowood Road,,,,,
Nether Edge,Brentwood Avenue,,,,,
Nether Edge,Brentwood Road,,,,,
Nether Edge,Briar Road,,,,,
Nether Edge,Brincliffe Crescent,,,,,
Nether Edge,Brincliffe Edge Close,,,,,
Nether Edge,Brincliffe Edge Road,,,,,
Nether Edge,Brincliffe Gardens,,,,,
Nether Edge,Brincliffe Hill,,,,,
Nether Edge,Broadfield Road,,,,,
Nether Edge,Brookfield Road,,,,,
Nether Edge,Buttermere Road,,,,,
Nether Edge,Byron Road,,,,,
Nether Edge,Carter Knowle Avenue,,,,,
Nether Edge,Carter Knowle Road,,,,,
Nether Edge,Cavendish Road,,,,,
Nether Edge,Charnley Avenue,,,,,
Nether Edge,Charnley Close,,,,,
Nether Edge,Charnley Rise,,,,,
Nether Edge,Chelsea Court,,,,,
Nether Edge,Chelsea Rise,,,,,
Nether Edge,Chelsea Road,,,,,
Nether Edge,Cherry Tree Close,,,,,
Nether Edge,Cherry Tree Dell,,,,,
Nether Edge,Cherry Tree Drive,,,,,
Nether Edge,Cherry Tree Road,,,,,
Nether Edge,Chippinghouse Road,,,,,
Nether Edge,Clifford Road,,,,,
Nether Edge,Coniston Road,,,,,
Nether Edge,Coniston Terrace,,,,,
Nether Edge,Coverdale Road,,,,,
Nether Edge,Cowlishaw Road,,,Broomhill & Sharrow Vale,,
Nether Edge,Cowlishaw Road,,,,,
Nether Edge,Crescent Road,,,,,
Nether Edge,Crummock Road,,,,,
Nether Edge,Dalmore Road,,,,,
Nether Edge,Dalton Court,,,,,
Nether Edge,Dovedale Road,,,,,
Nether Edge,Dyson Place,,,Broomhill & Sharrow Vale,,
Nether Edge,Dyson Place,,,,,
Nether Edge,Ecclesall Road,odds,553A-653,Broomhill & Sharrow Vale,Now odds all way to Hunters Bar 653A last number on reg - was N Edge,
Nether Edge,Ecclesall Road,,,,,
Nether Edge,Ecclesall Road South,,,,,
Nether Edge,Edge Bank,,,,,
Nether Edge,Edgebrook Road,,,,,
Nether Edge,Edgedale Road,,,,,
Nether Edge,Edgefield Road,,,,,
Nether Edge,Edgehill Road,,,,,
Nether Edge,Edgemount Road,,,,,
Nether Edge,Edward Place,,,,,
Nether Edge,Emily Road,,,,,
Nether Edge,Empire Road,,,,,
Nether Edge,Falmouth Road,,,,,
Nether Edge,Fossdale Road,,,,,
Nether Edge,Frederick Road,,,,,
Nether Edge,Fulmer Road,,,Broomhill & Sharrow Vale,,
Nether Edge,Fulmer Road,,,,,
Nether Edge,Gainsborough Road,,,,,
Nether Edge,Gatefield Road,,,,,
Nether Edge,Glen Road,,,,,
Nether Edge,Glenorchy Road,,,,,
Nether Edge,Glentilt Road,,,,,
Nether Edge,Gordon Road,,,Broomhill & Sharrow Vale,,
Nether Edge,Gordon Road,,,,,
Nether Edge,Grasmere Road,,,,,
Nether Edge,Guest Road,,,Broomhill & Sharrow Vale,,
Nether Edge,Guest Road,,,,,
Nether Edge,Hale Street,,,,,
Nether Edge,Hardwick Crescent,,,Broomhill & Sharrow Vale,,
Nether Edge,Hardwick Crescent,,,,,
Nether Edge,Herbert Road,,,,,
Nether Edge,Hickmott Road,,,,,
Nether Edge,Holt House Grove,,,,,
Nether Edge,Hunter Hill Road,,,Broomhill & Sharrow Vale,,
Nether Edge,Hunter Hill Road,,,,,
Nether Edge,Hunter House Road,,,Broomhill & Sharrow Vale,,
Nether Edge,Hunter House Road,,,,,
Nether Edge,Jarrow Road,,,Broomhill & Sharrow Vale,,
Nether Edge,Jarrow Road,,,,,
Nether Edge,Joshua Road,,,,,
Nether Edge,Jowitt Road,,,,,
Nether Edge,Junction Road,,,Broomhill & Sharrow Vale,,
Nether Edge,Junction Road,,,,,
Nether Edge,Kenbourne Grove,,,,,
Nether Edge,Kenbourne Road,,,,,
Nether Edge,Kenwood Avenue,,,,,
Nether Edge,Kenwood Bank,,,,,
Nether Edge,Kenwood Court,,,,,
Nether Edge,Kenwood Park Road,,,,,
Nether Edge,Kenwood Road,,,,,
Nether Edge,Kingfield Road,,,,,
Nether Edge,Kirkstall Road,,,Broomhill & Sharrow Vale,,
Nether Edge,Kirkstall Road,,,,,
Nether Edge,Knab Close,,,,,
Nether Edge,Knab Croft,,,,,
Nether Edge,Knab Rise,,,,,
Nether Edge,Knab Road,,,,,
Nether Edge,Ladysmith Avenue,,,,,
Nether Edge,Langdale Road,,,,,
Nether Edge,Leyburn Road,,,,,
Nether Edge,Lyndhurst Road,,,,,
Nether Edge,Lynmouth Road,,,,,
Nether Edge,Machon Bank,,,,,
Nether Edge,Machon Bank Road,,,,,
Nether Edge,Marden Road,,,,,
Nether Edge,Marples Close,,,,,
Nether Edge,Marples Drive,,,,,
Nether Edge,Meadow Bank Avenue,,,,,
Nether Edge,Meadow Bank Road,,,,,
Nether Edge,Meadow Terrace,,,Broomhill & Sharrow Vale,,
Nether Edge,Meadow Terrace,,,,,
Nether Edge,Milton Road,,,,,
Nether Edge,Moncrieffe Road,,,,,
Nether Edge,Montgomery Avenue,,,,,
Nether Edge,Montgomery Drive,,,,,
Nether Edge,Montgomery Road,,,,,
Nether Edge,Montrose Road,,,,,
Nether Edge,Needham Way,,,,,
Nether Edge,Neill Road,,,,,
Nether Edge,Nether Edge Road,,,,,
Nether Edge,Oak Hill Close,,,,,
Nether Edge,Oak Hill Road,,,,,
Nether Edge,Oakdale Road,,,,,
Nether Edge,Osberton Place,,,Broomhill & Sharrow Vale,,
Nether Edge,Osberton Place,,,,,
Nether Edge,Osborne Close,,,,,
Nether Edge,Osborne Mews,,,,,
Nether Edge,Osborne Road,,,,,
Nether Edge,Osborne Walk,,,,,
Nether Edge,Other Electors,,,,,
Nether Edge,Penrhyn Road,,,Broomhill & Sharrow Vale,,
Nether Edge,Penrhyn Road,,,,,
Nether Edge,Pinner Road,,,Broomhill & Sharrow Vale,,
Nether Edge,Pinner Road,,,,,
Nether Edge,Plymouth Road,,,,,
Nether Edge,Porter Terrace,,,Broomhill & Sharrow Vale,,
Nether Edge,Porter Terrace,,,,,
Nether Edge,Psalter Croft,,,Broomhill & Sharrow Vale,,
Nether Edge,Psalter Croft,,,,,
Nether Edge,Psalter Lane,,"3-161,2-274",Broomhill & Sharrow Vale,,
Nether Edge,Psalter Lane,,,,,
Nether Edge,Quarry Lane,,,,,
Nether Edge,Ratcliffe Road,,,Broomhill & Sharrow Vale,,
Nether Edge,Ratcliffe Road,,,,,
Nether Edge,Raven Road,,,,,
Nether Edge,Roach Road,,,Broomhill & Sharrow Vale,,
Nether Edge,Roach Road,,,,,
Nether Edge,Rundle Drive,,,,,
Nether Edge,Rundle Road,,,,,
Nether Edge,Rupert Road,,,,,
Nether Edge,Rydal Road,,,,,
Nether Edge,Ryle Road,,,,,
Nether Edge,Sandbeck Place,,,Broomhill & Sharrow Vale,,
Nether Edge,Sandbeck Place,,,,,
Nether Edge,Sandford Grove Road,,,,,
Nether Edge,Sellers Street,,,,,
Nether Edge,Sharrow Vale Road,,,Broomhill & Sharrow Vale,,
Nether Edge,Sharrow Vale Road,,,,,
Nether Edge,Sheldon Road,,,,,
Nether Edge,Southcroft Gardens,,,,,
Nether Edge,Southcroft Walk,,,,,
Nether Edge,St Andrews Close,,,,,
Nether Edge,St Andrews Road,,,,,
Nether Edge,St Ronans Road,,,,,
Nether Edge,Steade Road,,,,,
Nether Edge,Steel Road,,,Broomhill & Sharrow Vale,,
Nether Edge,Steel Road,,,,,
Nether Edge,Stewart Road,,,Broomhill & Sharrow Vale,,
Nether Edge,Stewart Road,,,,,
Nether Edge,Stretton Road,,,Broomhill & Sharrow Vale,,
Nether Edge,Stretton Road,,,,,
Nether Edge,Struan Road,,,,,
Nether Edge,Swaledale Road,,,,,
Nether Edge,Talmont Road,,,,,
Nether Edge,Tavistock Road,,,,,
Nether Edge,The Lawns,,,,,
Nether Edge,Thirlmere Road,,,,,
Nether Edge,Thorne Road,,,,,
Nether Edge,Troutbeck Road,,,,,
Nether Edge,Union Drive,,,,,
Nether Edge,Union Road,,,,,
Nether Edge,Victoria Court,,,,,
Nether Edge,Violet Bank Road,,,,,
Nether Edge,Wake Road,,,,,
Nether Edge,Wath Road,,,,,
Nether Edge,Wayland Road,,,Broomhill & Sharrow Vale,,
Nether Edge,Wayland Road,,,,,
Nether Edge,Westbrook Bank,,,Broomhill & Sharrow Vale,,
Nether Edge,Westbrook Bank,,,,,
Nether Edge,Williamson Road,,,,,
Nether Edge,Windermere Road,,,,,
Nether Edge,Woodseats Road,,,,,
Nether Edge,Woodstock Road,,,,,
Nether Edge,Wyatt Avenue,,,,,
new,Alpine Rd,,,Walkley,,
new,Birkendale,,,Walkley,,
new,Birkendale Rd,,,Walkley,,
new,Birkendale View,,,Walkley,,
new,Burns Rd,,,Walkley,From Roebuck Rd to Sydney Rd only,
new,Roebuck Rd,evens,,Walkley,evens only in Walkley odds Broomhill,
New,Springvale Rd ,,,Walkley,,
new,Sydney Rd,,,Walkley,all in walkley,
Walkley,Addy Close,,,Walkley,,
Walkley,Addy Drive,,,Walkley,,
Walkley,Addy Street,,,Walkley,,
Walkley,Adelphi Street,,,Walkley,,
Walkley,Albert Terrace Road,,,Walkley,split Walkley/Hillsborough,
Walkley,Albion Street,,,Walkley,,
Walkley,Allen St,,,City,,
Walkley,Arnold Street,,,Walkley,,
Walkley,Ashberry Gardens,,,Walkley,,
Walkley,Ashberry Road,,,Walkley,,
Walkley,Bank House Road,,,Walkley,,
Walkley,Bedford Street,,,Hillsborough,,
Walkley,Beet Street,,,Walkley,,
Walkley,Bell Hagg Road,,,Walkley,,
Walkley,Bellefield Street,,,Walkley,,
Walkley,Bentley Road,,,Walkley,,
Walkley,Bessingby Road,,,Walkley,,
Walkley,Blackburne Street,,,Hillsborough,not in Walkley,
Walkley,Blake Street,,,Walkley,,
Walkley,Blakegrove Road,,,Walkley,,
Walkley,Blue Boy St,,,City,,
Walkley,Bole Hill Close,,,Walkley,,
Walkley,Bole Hill Road,,,Walkley,,
Walkley,Bolsover Street,,,Walkley,,
Walkley,Bonville Gardens,,,Walkley,,
Walkley,Bowness Road,,,Walkley,,
Walkley,Boyce Street,,,Walkley,,
Walkley,Bradfield Road,,,Hillsborough,not in Walkley,
Walkley,Bramwell Close,,,Walkley,,
Walkley,Bramwell Court,,,Walkley,,
Walkley,Bramwell Drive,,,Walkley,,
Walkley,Bramwell Street,,,Walkley,,
Walkley,Brandreth Close,,,Walkley,,
Walkley,Brandreth Road,,,Walkley,,
Walkley,Bransby Street,,,Walkley,,
Walkley,Brightmore Drive,,,Walkley,,
Walkley,Brocco Lane,,,Walkley,,
Walkley,Brocco St,,,Walkley,,
Walkley,Brook Drive,,,Walkley,,
Walkley,Brook Hill,,,Walkley,,
Walkley,Brownell St,,,Walkley,,
Walkley,Burgoyne Close,,,Walkley,,
Walkley,Burgoyne Road,,,Walkley,,
Walkley,Burlington Court,,,Walkley,,
Walkley,Burnaby Court,,,Walkley,,
Walkley,Burnaby Crescent,,,Walkley,,
Walkley,Burnaby Green,,,Walkley,,
Walkley,Burnaby Street,,,Walkley,,
Walkley,Burton Street,,,Hillsborough,not in Walkley,
Walkley,Camm Street,,,Walkley,,
Walkley,Capel Street,,,Hillsborough,not in Walkley,
Walkley,Carnaby Road,,,Walkley,,
Walkley,Carr Road,,,Walkley,,
Walkley,Channing Gardens,,,Walkley,,
Walkley,Cleveland Street,,,Walkley,,
Walkley,Cliffe Road,,,Walkley,,
Walkley,Compton Street,,,Walkley,,
Walkley,Cornish Street,,,City,,
Walkley,Craven St,,,Walkley,,
Walkley,Creswick Street,,,Walkley,,
Walkley,Creswick Way,,,Walkley,,
Walkley,Cromwell Street,,,Walkley,,
Walkley,Cross Bedford Street,,,Hillsborough,not in walkley,
Walkley,Cundy Street,,,Walkley,,
Walkley,Cuthbert Bank Road,,,Hillsborough,not in Walkley,
Walkley,Cyprus Terrace,,,Walkley,,
Walkley,Daisy Bank,,,Walkley,,
Walkley,Daisy Walk,,,Walkley,,
Walkley,Daniel Hill,,,Walkley,,
Walkley,Daniel Hill Mews,,,Walkley,,
Walkley,Daniel Hill Street,,,Walkley,,
Walkley,Daniel Hill Terrace,,,Walkley,,
Walkley,Dodd Street,,,Walkley,,
Walkley,Doncaster St,,,City,,
Walkley,Dover Gardens,,,Walkley,,
Walkley,Dover Street,,,Walkley,,
Walkley,Duncombe Street,,,Walkley,,
Walkley,Eastfield Road,,,Walkley,,
Walkley,Edward St,,,Walkley,,
Walkley,Edward Street Flats,,,Walkley,,
Walkley,Elliottville Street,,,Walkley,,
Walkley,Ellis St,,,City,,
Walkley,Ellison Street,,,Walkley,,
Walkley,Exley Avenue,,,Walkley,,
Walkley,Fawcett Street,,,Walkley,,
Walkley,Fern Road,,,Walkley,,
Walkley,Fir Place,,,Walkley,,
Walkley,Fir Street,,,Walkley,,
Walkley,Forbes Road,,,Walkley,,
Walkley,Fox Road,,,Walkley,,
Walkley,Fox Walk,,,Walkley,,
Walkley,Freedom Court,,,Walkley,,
Walkley,Freedom Road,,,Walkley,,
Walkley,Fulton Road,,,Walkley,all in Walkley,
Walkley,Grammar Street,,,Walkley,,
Walkley,Greaves Street,,,Walkley,,
Walkley,Green Lane,,,Walkley,,
Walkley,Greenhow Street,,,Walkley,,
Walkley,Gresham Road,,,Walkley,,
Walkley,Grouse Croft,,,Walkley,,
Walkley,Grouse Street,,,Walkley,,
Walkley,Hadfield Street,,,Walkley,,
Walkley,Haggard Road,,,Hillsborough,,
Walkley,Hammerton Close,,,Walkley,,
Walkley,Hammerton Road,,,Walkley,,
Walkley,Hammond Street,,,Walkley,,
Walkley,Hardy Place,,,Walkley,,
Walkley,Hawksworth Road,,,Walkley,,
Walkley,Hawthorne Street,,,Walkley,,
Walkley,Heavygate Avenue,,,Walkley,,
Walkley,Heavygate Road,odds,,Crookes & Crosspool,,
Walkley,Heavygate Road,evens,,,,
Walkley,Heavygate Road,evens,,Walkley,evens only ,
Walkley,Henry Street,,,Walkley,,
Walkley,Highton Street,,,Walkley,,
Walkley,Holme Close,,,Walkley,,
Walkley,Holme Lane,odds,,Hillsborough,odds only,
Walkley,Hoole Street,,,Walkley,,
Walkley,Howard Road,,,Walkley,,
Walkley,Ibbotson Road,,,Walkley,,
Walkley,Industry Street,,,Walkley,,
Walkley,Infirmary Road,,,Walkley,,
Walkley,Jericho Street,,,Walkley,,
Walkley,Joseph Road,,,Walkley,,
Walkley,Kenyon St ,,,Walkley,,
Walkley,King James Street,,,Walkley,,
Walkley,Kipling Road,,,Hillsborough,,
Walkley,Kirkstone Road,,,Walkley,,
Walkley,Langsett Close,,,Walkley,,
Walkley,Langsett Crescent,,,Walkley,,
Walkley,Langsett Grove,,,Walkley,,
Walkley,Langsett Rise,,,Walkley,,
Walkley,Langsett Road,odds,,Walkley,odds only,
Walkley,Langsett Walk,,,Walkley,,
Walkley,Lark Street,,,Walkley,,
Walkley,Limbrick Close,,,Walkley,,
Walkley,Limbrick Road,,,Walkley,,
Walkley,Linaker Road,,,Walkley,,
Walkley,Lister Road,,,Walkley,,
Walkley,Lock Street,,,Hillsborough,,
Walkley,Lonsdale Road,,,Walkley,,
Walkley,Malinda Street,,,Walkley,,
Walkley,Manvers Road,,,Walkley,,
Walkley,Marsden Lane,,,Walkley,,
Walkley,Martin Close,,,Walkley,,
Walkley,Martin Street,,,Walkley,,
Walkley,Matlock Road,,,Walkley,,
Walkley,Matthew St ,,,City,,
Walkley,Meadow Street,,,Walkley,,
Walkley,Midvale Avenue,,,Walkley,,
Walkley,Midvale Close,,,Walkley,,
Walkley,Mitchell Street,,,Walkley,,
Walkley,Montgomery Terrace Road,,,Walkley,,
Walkley,Moorfields,,,City,,
Walkley,Moorsyde Avenue,,,Walkley,,
Walkley,Moorsyde Crescent,,,Walkley,,
Walkley,Morley Street,,,Walkley,,
Walkley,Morpeth Gardens,,,Walkley,,
Walkley,Morpeth St,,,Walkley,,
Walkley,Mushroom Lane,,,Walkley,,
Walkley,Netherthorpe Place,,,Walkley,,
Walkley,Netherthorpe Street,,,Walkley,,
Walkley,Netherthorpe Walk,,,Walkley,,
Walkley,Nichols Road,,,Walkley,,
Walkley,Northfield Close,,,Walkley,,
Walkley,Northfield Court,,,Walkley,,
Walkley,Northfield Road,evens,2-120,Walkley,evens only in Walkley,
Walkley,Old Brewery Court,,,Walkley,,
Walkley,Orchard Road,,,Walkley,,
Walkley,Other Electors,,,Walkley,,
Walkley,Otley Walk,,,Walkley,,
Walkley,Oxford Street,,,Walkley,,
Walkley,Palm Lane,,,Walkley,,
Walkley,Palm Street,,,Walkley,,
Walkley,Parsonage Court,,,Walkley,,
Walkley,Parsonage Crescent,,,Walkley,,
Walkley,Parsonage Street,,,Walkley,,
Walkley,Penistone Road,,,City,,
Walkley,Philadelphia Drive,,,Walkley,,
Walkley,Philadelphia Gardens,,,Walkley,,
Walkley,Philadelphia Grove,,,Walkley,,
Walkley,Portland Court,,,Walkley,,
Walkley,Powell Street,,,Walkley,,
Walkley,Primrose Hill,,,Walkley,,
Walkley,Providence Road,,,Walkley,,
Walkley,Queens Row,,,City,,
Walkley,Racker Way,,,Walkley,,
Walkley,Radford Street,,,Walkley,,
Walkley,Rangeley Road,,,Walkley,,
Walkley,Rear of 184 Howard Road,,,Walkley,,
Walkley,Red Hill,,,Walkley,no houses south side only ,
Walkley,Rider Road,,,Hillsborough,,
Walkley,Ripley Street,,,Walkley,,
Walkley,Rivelin Bank,,,Walkley,,
Walkley,Rivelin Road,,,Walkley,,
Walkley,Rivelin Street,,,Walkley,,
Walkley,Rivelin Terrace,,,Walkley,,
Walkley,Rivelin Valley Road,,,Walkley,,
Walkley,River Terrace,,,Walkley,,
Walkley,Robertson Drive,,,Walkley,,
Walkley,Robertson Road,,,Walkley,,
Walkley,Rudyard Mews,,,Hillsborough,,
Walkley,Rudyard Road,,,Hillsborough,,
Walkley,Scotland St,,43-999,Walkley,inc Hanover Works.odds above 41 (not inc),
Walkley,Shepherd St,,,City,,
Walkley,Sherde Road,,,Walkley,,
Walkley,Shipton Street,,,Walkley,,
Walkley,Siddall Street,,,Walkley,,
Walkley,Singleton Crescent,,,Walkley,,
Walkley,Singleton Grove,,,Walkley,,
Walkley,Singleton Road,,,Walkley,,
Walkley,Somerville Terrace,,,Walkley,,
Walkley,South Road,,,Walkley,,
Walkley,Springvale Walk,,,Walkley,,
Walkley,St Georges Close,,,Walkley,,
Walkley,St Georges Walk,,,Walkley,,
Walkley,St Philips Lane,,,Walkley,,
Walkley,St Philips Road,,,Walkley,,
Walkley,St Stephens Road,,,Walkley,,
Walkley,St Stephens Walk,,,Walkley,,
Walkley,Stoney Walk,,,Walkley,,
Walkley,Storrs Hall Road,,,Walkley,,
Walkley,Summer Street,,,Walkley,,
Walkley,Sutton Street,,,Walkley,,
Walkley,Tennyson Road,,,Walkley,,
Walkley,Thoresby Road,,,Walkley,,
Walkley,Thrush Street,,,Walkley,,
Walkley,Tinker Lane,,"3,5,7,9,11",Walkley,,
Walkley,Treswell Crescent,,,Hillsborough,,
Walkley,Trickett Road,,,Walkley,,
Walkley,Upper Allen Street,,,Walkley,,
Walkley,Upperthorpe,,,Walkley,now all in W,
Walkley,Upperthorpe Glen,,,Walkley,,
Walkley,Upperthorpe Road,,,Walkley,,
Walkley,Victor Street,,,Walkley,,
Walkley,Wales Place,,,Walkley,,
Walkley,Walkley Bank Close,,,Walkley,,
Walkley,Walkley Bank Road,,,Walkley,,
Walkley,Walkley Crescent Road,,,Walkley,,
Walkley,Walkley Lane,,,Walkley,,
Walkley,Walkley Road,,,Walkley,,
Walkley,Walkley Street,,,Walkley,,
Walkley,Walkley Terrace,,,Walkley,,
Walkley,Waller Road,,,Walkley,,
Walkley,Watersmeet Road,,,Walkley,,
Walkley,Welbeck Road,,,Walkley,,
Walkley,Well Meadow Drive,,,Walkley,,
Walkley,Well Meadow Street,,,Walkley,,
Walkley,West Don Street,,,Hillsborough,,
Walkley,Westmoreland Street,,,Walkley,,
Walkley,Weston Street,,,Walkley,,
Walkley,Wheeldon St,,,Walkley,,
Walkley,Whitehouse Lane,,,Walkley,,
Walkley,Whitehouse Road,,,Walkley,,
Walkley,Winter Street,,,Walkley,,
Walkley,Wood View Road,,,Walkley,,
Walkley,Yardley Square,,,Walkley,,
Walkley,Yeomans Road,,,Walkley,,
